Date,Close/Last,Volume,Open,High,Low,Day
2025-02-24,153.85,7187038,152.34,156.32,152.12,1826
2025-02-21,153.5,10604400,149.99,154.55,148.9,1823
2025-02-20,149.1,6789805,145.11,149.1899,145,1822
2025-02-19,145.81,5777273,144.23,145.93,144.15,1821
2025-02-18,144.1,8738725,142.9,144.15,141.6,1820
2025-02-14,143.39,5001806,144.67,146.17,143.33,1816
2025-02-13,144.58,7175276,144.23,144.935,143.6,1815
2025-02-12,143.99,6658177,144.04,144.78,143.03,1814
2025-02-11,145.64,6353965,144.37,145.72,143.4,1813
2025-02-10,144.35,8715391,144.35,144.52,143.01,1812
2025-02-07,144.58,5872343,145.01,145.15,143.9,1809
2025-02-06,145.35,5604877,146.26,146.9,143.96,1808
2025-02-05,145.66,9249234,143.39,145.79,142.7,1807
2025-02-04,143.49,12804950,146.1,147.75,143,1806
2025-02-03,150.27,7196227,149.755,151.13,148.83,1805
2025-01-31,150.69,4906744,150.76,151.69,150.27,1802
2025-01-30,151.9,4671278,151.28,153.08,150.63,1801
2025-01-29,150.37,4874072,151.13,152,150.23,1800
2025-01-28,150.25,6349670,154.145,154.61,150.12,1799
2025-01-27,154.61,9820585,150.92,155.47,150.9,1798
2025-01-24,149.12,4509550,148.82,149.31,148.13,1795
2025-01-23,148.62,4759125,148.49,148.9399,146.61,1794
2025-01-22,148.09,5905060,148.23,149.45,147.79,1793
2025-01-21,148.55,7456182,148.33,149.78,147.77,1792
2025-01-17,148.25,7338870,147.72,148.62,147.17,1788
2025-01-16,146.54,5068040,144.05,146.79,143.69,1787
2025-01-15,144.78,7141555,145.49,146.2,144.17,1786
2025-01-14,144.95,6996448,144.19,145.14,143.56,1785
2025-01-13,144.5,8101358,142.79,145.14,142.14,1784
2025-01-10,142.64,9632651,145,145.575,141.51,1781
2025-01-08,146.54,6791848,145.4,146.67,144.56,1779
2025-01-07,145.4,7473300,146.46,147.97,145.34,1778
2025-01-06,146.27,9470626,149.6,149.95,146.1,1777
2025-01-03,149.65,5221639,150.96,150.96,149.56,1774
2025-01-02,150.21,4970233,152.88,153.66,149.89,1773
2024-12-31,152.06,4274960,151.8,153.15,150.94,1771
2024-12-30,151.72,5397016,152.66,153.09,151.09,1770
2024-12-27,152.89,4287007,151.29,153.47,151.26,1767
2024-12-26,152.44,5529590,152.53,153.1799,152.24,1766
2024-12-24,152.81,3399800,150.5,152.83,150.41,1764
2024-12-23,151.29,6822232,152.41,152.41,149.71,1763
2024-12-20,152.79,19205160,150.86,153.49,150.51,1760
2024-12-19,151.47,9829489,153.09,154.0794,151.41,1759
2024-12-18,154.43,7620865,155.03,155.83,154.11,1758
2024-12-17,156.14,6572560,155.74,158.5,155.24,1757
2024-12-16,156.02,6696490,157.85,158.82,155.88,1756
2024-12-13,157.97,4353854,157.53,159.57,157.06,1753
2024-12-12,158.9,6849507,159.09,159.4,157.97,1752
2024-12-11,156.77,7925928,160.21,160.515,156.26,1751
2024-12-10,159.84,5329401,159,160.42,157.35,1750
2024-12-09,159.47,8380406,157.91,161.5,157.14,1749
2024-12-06,157.79,8359166,159.35,160.8,157.69,1746
2024-12-05,160.49,5229646,160.93,161.01,158.83,1745
2024-12-04,160.18,6964605,160.6,161.0327,159.41,1744
2024-12-03,161.7,4277392,162.84,163.05,161.42,1743
2024-12-02,163.05,4967612,163.315,163.65,161.76,1742
2024-11-29,163.45,2799312,161.43,163.585,160.95,1739
2024-11-27,162.72,3622893,161.94,165.13,161.68,1737
2024-11-26,162.16,4653842,163.27,163.68,161.9,1736
2024-11-25,163.05,8580393,162.7,163.59,162,1735
2024-11-22,162,5846256,160.9,162.06,159.89,1732
2024-11-21,160.34,5976987,158.39,160.5,157.95,1731
2024-11-20,158.74,5067255,156.45,159.11,156.2,1730
2024-11-19,156.72,8248864,157.75,157.87,155.85,1729
2024-11-18,158.33,6992040,159.405,159.85,157.76,1728
2024-11-15,158.62,9108948,164.38,164.38,158.05,1725
2024-11-14,165.15,5422685,164.74,166.885,163.83,1724
2024-11-13,164.74,4145443,163.49,164.8,162.37,1723
2024-11-12,164.34,5386925,164.09,165,163.15,1722
2024-11-11,164.26,3761969,164.41,166.15,163.98,1721
2024-11-08,165.11,4618265,163.84,165.82,163.65,1718
2024-11-07,164,5333532,164.5,164.9,163.47,1717
2024-11-06,164.71,7849309,167.37,167.41,163.6,1716
2024-11-05,167.85,3678708,165.95,167.96,165.67,1715
2024-11-04,166.34,4885472,165.59,166.65,165.19,1714
2024-11-01,165.59,6339121,166.09,166.25,165.21,1711
2024-10-31,166.08,5582423,166.1,167.5048,165.81,1710
2024-10-30,166.21,4801541,167,167.6399,166.08,1709
2024-10-29,167.5,5127890,169.2,169.2,166.97,1708
2024-10-28,169.84,5186635,172.98,172.98,169.73,1707
2024-10-25,171.79,4442863,172.47,174,171.6,1704
2024-10-24,172.16,4244903,172.92,173.535,171.7,1703
2024-10-23,172.95,3800654,173.7,173.84,172.47,1702
2024-10-22,174.37,3790452,174.51,174.95,173.51,1701
2024-10-21,175.01,6436516,174.46,177.5,174.35,1700
2024-10-18,175.06,5097170,172.3,175.33,172.12,1697
2024-10-17,174.67,4125910,174.38,175.47,173.7,1696
2024-10-16,174.48,4400852,175.01,175.33,173.63,1695
2024-10-15,175.9,5802290,176.355,177.39,175.12,1694
2024-10-14,176.1,4536048,174.955,176.27,174.44,1693
2024-10-11,174.81,4720299,174,175.175,172.87,1690
2024-10-10,172.99,5292404,172.07,173.06,171.22,1689
2024-10-09,172.54,7177529,169.38,173.28,169.1,1688
2024-10-08,170.42,8297792,167.72,170.65,166.85,1687
2024-10-07,167.21,5459506,167.72,167.93,166.46,1686
2024-10-04,167.97,4391321,167.15,168.5,166.82,1683
2024-10-03,168.53,5090330,168.14,169.105,167.17,1682
2024-10-02,169.55,5785972,171.5,171.74,168.52,1681
2024-10-01,171.38,7095860,171.29,171.94,169.77,1680
2024-09-30,170.05,5054615,170.58,171.74,169.58,1679
2024-09-27,170,7545935,169.96,171.645,169.68,1676
2024-09-26,169.69,5673635,169.22,171,168.68,1675
2024-09-25,169.4,4505130,170.4,170.765,168.76,1674
2024-09-24,169.92,7837853,170.99,171.6,169.5,1673
2024-09-23,172.11,5350483,170.87,173.94,170.73,1672
2024-09-20,171.18,12198430,172.57,173.77,170.22,1669
2024-09-19,174.66,5504038,175.75,176.22,174.15,1668
2024-09-18,175.21,5307852,176.86,178.06,174.43,1667
2024-09-17,176.87,6305100,177,178.09,176.3,1666
2024-09-16,177.21,4940100,179,179.425,176.35,1665
2024-09-13,177.36,3290404,177.445,177.96,176.37,1662
2024-09-12,177.25,4224894,175.78,177.69,173.95,1661
2024-09-11,175.78,4035975,177.44,177.75,174.43,1660
2024-09-10,177.81,4315764,178.65,179.1,177.64,1659
2024-09-09,178.19,4666169,177.05,178.79,175.86,1658
2024-09-06,177.34,6395276,177.44,178.58,177,1655
2024-09-05,179.3,5743141,178.73,179.73,177.52,1654
2024-09-04,178.52,6188454,177.9,179.65,176.29,1653
2024-09-03,177.54,7032051,172.38,177.89,171.88,1652
2024-08-30,172.88,8677312,172.06,173.56,171.25,1648
2024-08-29,172.09,4654540,173.76,173.96,171.91,1647
2024-08-28,173.92,3915499,175.55,175.7432,173.35,1646
2024-08-27,175.3,3520562,176.31,176.88,174.52,1645
2024-08-26,175.97,4146861,176.32,176.84,175.73,1644
2024-08-23,175.87,5283617,176.63,176.68,173.67,1641
2024-08-22,175.74,5265989,175.83,176.08,174.7,1640
2024-08-21,175.21,4020749,175.94,176.82,174.62,1639
2024-08-20,175.85,5330053,173.53,176.03,172.5,1638
2024-08-19,173.82,3521653,172.66,173.98,172.44,1637
2024-08-16,172.62,4614804,172.52,172.78,171.11,1634
2024-08-15,172.52,4472137,173.71,174.3,171.83,1633
2024-08-14,173.71,3555959,172.23,174.34,171.93,1632
2024-08-13,172.37,3894698,171.62,172.42,170.22,1631
2024-08-12,171.42,3802411,172.24,172.87,170.71,1630
2024-08-09,172.39,3223163,172.09,172.78,170.39,1627
2024-08-08,172.37,5112483,170.21,173,169.81,1626
2024-08-07,171.79,5429077,171.62,174.39,171.33,1625
2024-08-06,172.49,7287051,173.28,176.21,172.36,1624
2024-08-05,174.04,7502535,179.52,180.91,173.16,1623
2024-08-02,178.04,6856083,178.84,179.95,173.84,1620
2024-08-01,174.96,5994458,172.53,175.56,172.5,1619
2024-07-31,172.67,6245571,173.92,174.69,172.26,1618
2024-07-30,173.18,4994644,172.69,173.45,171.55,1617
2024-07-29,173.21,4152662,172.29,173.49,170.85,1616
2024-07-26,172.75,5746255,170.73,172.76,170.73,1613
2024-07-25,171.02,6270889,169.49,173.49,168.86,1612
2024-07-24,168.17,5867046,166.28,168.67,164.95,1611
2024-07-23,166.28,3344293,167.79,168.36,166.18,1610
2024-07-22,167.66,5308367,169.26,169.71,167.35,1609
2024-07-19,169.36,5332848,170.28,170.485,168.47,1606
2024-07-18,170.37,6228568,168.71,172.67,168.39,1605
2024-07-17,169.89,7670981,166.04,170.07,165.89,1604
2024-07-16,164.76,4461676,163.41,165.04,162.84,1603
2024-07-15,163.86,4551803,166.01,166.2981,163.65,1602
2024-07-12,166.38,6677035,164.96,168.03,164.96,1599
2024-07-11,163.95,10259330,159.1,164.89,158.03,1598
2024-07-10,163.59,7372266,161.84,163.77,160.66,1597
2024-07-09,161.9,5801833,162.19,162.56,161.5,1596
2024-07-08,162.12,5268800,163.06,163.75,161.92,1595
2024-07-05,164.39,4208217,162.64,164.52,162.47,1592
2024-07-03,162.6,2879575,162.92,164.13,161.96,1590
2024-07-02,163.58,4650803,163.5,164.47,162.32,1589
2024-07-01,162.89,4508019,165.04,166.06,162.58,1588
2024-06-28,164.93,8756033,165.3,166.22,164.62,1585
2024-06-27,166.26,4326460,166.63,167.25,165.27,1584
2024-06-26,166.74,4778280,165.89,167.01,164.85,1583
2024-06-25,167.35,4220902,168.08,168.96,167.25,1582
2024-06-24,168.08,4476929,167.5,169.6099,167.09,1581
2024-06-21,167.28,10899240,167.21,169.07,166.45,1578
2024-06-20,166.68,4942417,165.73,167.64,165.73,1577
2024-06-18,166.48,3519509,166.1,167.07,165.25,1575
2024-06-17,166.14,5412239,163.49,166.41,162.79,1574
2024-06-14,163.81,3603340,163.13,164.39,162.53,1571
2024-06-13,163.33,5432649,162.08,163.56,161.54,1570
2024-06-12,163.83,6281102,164.88,165.3275,162.44,1569
2024-06-11,165.07,8284512,164.87,165.46,163.51,1568
2024-06-10,165.9,9432639,170.11,170.37,165.62,1567
2024-06-07,171.04,3521165,171.5,172.51,170.75,1564
2024-06-06,173.2,5536694,174,174.4,172.68,1563
2024-06-05,173.49,5370688,173.84,173.97,171.96,1562
2024-06-04,173.89,4619065,171.21,174.39,170.82,1561
2024-06-03,171.23,5032377,172.72,172.9,171.03,1560
2024-05-31,172.9,8155606,169.89,172.97,169.52,1557
2024-05-30,170.48,3903880,171.35,171.71,170.4,1556
2024-05-29,171.15,5352113,172.43,173.18,170.72,1555
2024-05-28,173.38,6178117,176.23,176.275,171.9,1554
2024-05-24,177.99,3447399,179.37,179.42,177.87,1550
2024-05-23,179.27,4009026,181.33,181.89,179.04,1549
2024-05-22,182.09,4046993,180.45,182.13,179.98,1548
2024-05-21,181.08,3288063,181.5,181.58,179.8,1547
2024-05-20,180.31,3221153,182.09,182.13,179.91,1546
2024-05-17,182.19,4449107,182.59,182.96,181.83,1543
2024-05-16,183.11,5984739,179.63,183.41,179.46,1542
2024-05-15,179.46,4785118,179.24,180.4,179,1541
2024-05-14,179.87,3508716,181.05,181.28,178.6,1540
2024-05-13,180.9,4408084,180.51,181.35,179.85,1539
2024-05-10,179.79,4201814,177.95,180.16,177.61,1536
2024-05-09,178.06,2421414,177.26,178.43,177.09,1535
2024-05-08,177.41,3400880,178.71,178.88,177.19,1534
2024-05-07,178.02,3707968,177,178.15,176.51,1533
2024-05-06,175.82,3576284,176.76,176.76,175.13,1532
2024-05-03,176.15,3492120,175.8,176.49,175,1529
2024-05-02,175.45,3964773,175.58,176.32,174.55,1528
2024-05-01,175.15,4340495,175.46,176.23,173.66,1527
2024-04-30,175.91,4465331,176.27,176.47,174.84,1526
2024-04-29,176.14,3224473,175.5,176.315,175.02,1525
2024-04-26,175.58,4472102,174.44,178.57,174.34,1522
2024-04-25,176.68,7441497,178.28,180.63,175.82,1521
2024-04-24,177.41,10016690,168.5,178.09,167.65,1520
2024-04-23,171.22,9145041,174.7,174.88,170.14,1519
2024-04-22,176.46,7288701,174.41,177.2,174.03,1518
2024-04-19,174.13,6636697,172.28,174.27,171.8,1515
2024-04-18,172.27,5574662,170.1,172.68,170.1,1514
2024-04-17,169.48,4069200,169.09,169.7,168.21,1513
2024-04-16,167.5,4569689,167.03,168.51,166.89,1512
2024-04-15,166.95,5133181,169.21,169.35,166.03,1511
2024-04-12,168.1,5453736,167.69,168.51,167.32,1508
2024-04-11,168.36,4241563,169.62,169.87,167.77,1507
2024-04-10,168.95,4581676,169.57,169.63,167.77,1506
2024-04-09,170.61,3774304,170.225,170.72,168.73,1505
2024-04-08,169.58,3755725,169.15,170.05,168.74,1504
2024-04-05,169.14,4412390,169.4,169.97,168.07,1501
2024-04-04,169.65,5422567,170.92,171.78,169.33,1500
2024-04-03,169.68,5828024,170,170.92,168.7,1499
2024-04-02,171.44,5158492,172.94,173.87,171.36,1498
2024-04-01,172.98,4815366,175.57,176.23,172.65,1497
2024-03-28,175.01,5710539,174.76,175.81,174.37,1493
2024-03-27,173.57,4911274,173.998,174.69,173.05,1492
2024-03-26,172.73,4593166,172.17,172.97,171.82,1491
2024-03-25,172.6,3941985,172.2,173.09,172.11,1490
2024-03-22,172.02,4106531,173.02,173.1,171.76,1487
2024-03-21,172.45,4343007,171.92,173.42,171.05,1486
2024-03-20,171.86,5046920,172.3,173.1,171.12,1485
2024-03-19,171.8,7653926,171.1,172.65,171,1484
2024-03-18,171.26,10478530,167.05,172.18,166.95,1483
2024-03-15,164.66,21887270,165.06,165.38,163.64,1480
2024-03-14,164.78,5155326,166.26,166.26,164.2,1479
2024-03-13,165.3,4585789,165.1,166.14,164.74,1478
2024-03-12,164.54,6158507,165.14,165.42,163.96,1477
2024-03-11,164.73,5404790,163.92,165.42,163.31,1476
2024-03-08,163.05,6065294,162.32,164.2,162.09,1473
2024-03-07,163.11,5801610,163.82,163.9,162.5,1472
2024-03-06,163,5302463,162.06,163.99,162.04,1471
2024-03-05,162.04,6631346,165.22,165.5,161.81,1470
2024-03-04,165.37,4303882,164.45,165.65,163.6,1469
2024-03-01,164.59,6109856,164.86,165,163.25,1466
2024-02-29,165.34,8489449,166.21,166.68,164.91,1465
2024-02-28,167.03,5275282,168.12,168.5,166.45,1464
2024-02-27,168.16,3567644,167.82,168.22,167.35,1463
2024-02-26,168.26,3836980,169.42,169.42,167.71,1462
2024-02-23,169.6,6409765,167.94,170.25,167.8,1459
2024-02-22,168.25,7539232,167.64,168.8298,166.1,1458
2024-02-21,168.83,4195366,169.95,170.18,167.86,1457
2024-02-20,168.65,6117866,167.74,169.52,167.19,1456
2024-02-16,166.32,5245994,167.21,167.41,165.68,1452
2024-02-15,167.86,4451374,167.95,168.365,166.68,1451
2024-02-14,167.52,5731904,168.34,168.64,166.06,1450
2024-02-13,168.88,7302014,171.22,171.45,167.24,1449
2024-02-12,170.61,7867544,167.86,171.0694,167.2,1448
2024-02-09,167.67,12731740,171.2,171.39,166.97,1445
2024-02-08,173.85,9269699,171.72,174.1,171.41,1444
2024-02-07,171.47,5769679,172.63,172.9,171.38,1443
2024-02-06,171.42,5182879,171.45,171.8252,169.94,1442
2024-02-05,170.92,5142706,170.55,171.58,169.05,1441
2024-02-02,170.97,5307883,171.235,171.96,170.1,1438
2024-02-01,171.7,4920789,168.53,171.8,167.17,1437
2024-01-31,168.53,5769214,169.96,170.3838,167.88,1436
2024-01-30,169.62,4804243,167.67,169.7,167.32,1435
2024-01-29,168.15,5713559,167.53,168.7,167.39,1434
2024-01-26,167.86,4848987,166.6,168.03,166.6,1431
2024-01-25,166.56,5373787,165.81,166.6,164.94,1430
2024-01-24,165.6,4984700,167.64,167.74,165.52,1429
2024-01-23,167.64,4932727,164.56,167.93,164.36,1428
2024-01-22,165.11,5697428,165.96,166.705,165.02,1427
2024-01-19,165.78,6528578,167.14,167.24,165.57,1424
2024-01-18,167.17,4709362,165.47,167.28,164.99,1423
2024-01-17,166.44,4392400,165.99,166.727,165.44,1422
2024-01-16,166.17,4576842,167.27,167.52,165.19,1421
2024-01-12,167.27,3546260,166.34,167.38,165.57,1417
2024-01-11,166.13,4800727,167.14,167.14,164.82,1416
2024-01-10,166.92,4394876,166.59,167.96,166.2,1415
2024-01-09,167.17,6268763,167.79,167.89,165.93,1414
2024-01-08,169.11,5735563,168.94,169.73,167.79,1413
2024-01-05,168.94,5252478,171.57,171.57,167.56,1410
2024-01-04,171.47,6283225,171.61,173.53,170.58,1409
2024-01-03,172.95,5588224,175,175.2,172.7,1408
2024-01-02,172.91,5743112,169.52,172.99,169.19,1407
2023-12-29,169.84,3291629,169.34,170.065,169.17,1403
2023-12-28,169.39,2911277,169.4,169.54,168.7,1402
2023-12-27,169.4,3502620,168.9,169.49,168.36,1401
2023-12-26,168.86,2779405,167.65,169.42,167.25,1400
2023-12-22,167.68,3030355,167.36,168.17,166.86,1396
2023-12-21,166.97,4374203,166.5,167.1,165.39,1395
2023-12-20,165.69,5157779,166.51,167.465,165.67,1394
2023-12-19,167.95,4855853,167.935,168.83,167.31,1393
2023-12-18,168.91,5439517,168.06,170.25,167.41,1392
2023-12-15,167,17734650,167.45,168.51,166.45,1389
2023-12-14,168.25,7119267,171.65,171.97,167.94,1388
2023-12-13,172.01,6082063,168.54,172.05,168.12,1387
2023-12-12,168.47,4515820,169.28,169.28,167.71,1386
2023-12-11,167.82,6912556,167.44,168.13,166.46,1385
2023-12-08,165.68,5115158,167.04,167.12,165.27,1382
2023-12-07,167.46,4934842,168,168.3043,166.7,1381
2023-12-06,167.51,4726646,167.98,168.32,166.73,1380
2023-12-05,167.94,4553781,169.15,169.5731,167.71,1379
2023-12-04,169.14,5323333,168.4,169.92,168.19,1378
2023-12-01,168.69,4897439,168.37,168.85,167.38,1375
2023-11-30,168.29,7346920,166.11,168.36,164.82,1374
2023-11-29,167.16,4722423,169.1,169.12,166.65,1373
2023-11-28,168.86,4056190,168.38,169.76,168.02,1372
2023-11-27,168.32,3664714,169.7,169.7,168.09,1371
2023-11-24,169.37,1751667,168.95,170.02,168.95,1368
2023-11-22,169.22,3235732,168.35,169.57,168.3,1366
2023-11-21,167.8,3979988,167.11,167.86,165.92,1365
2023-11-20,166.52,4887350,166,166.77,165.72,1364
2023-11-17,166.76,5583290,168.05,168.25,165.77,1361
2023-11-16,167.71,5386432,168.39,170,166.4,1360
2023-11-15,167.25,5611162,168.7,168.7889,166.27,1359
2023-11-14,168.11,6238935,167.95,168.44,166.89,1358
2023-11-13,167.77,5402335,167,168.78,166.46,1357
2023-11-10,166.92,5553519,167.31,167.78,164.86,1354
2023-11-09,166.16,5639290,167.58,167.86,165.81,1353
2023-11-08,167.39,4926736,168.17,168.34,166.66,1352
2023-11-07,167.18,4687447,166.8,167.71,166.12,1351
2023-11-06,166.7,5784687,165.46,167.5,165.21,1350
2023-11-03,166.79,4063294,168.68,168.81,166.69,1347
2023-11-02,166.83,5413373,164.74,167.16,164.67,1346
2023-11-01,164.87,6682510,163.67,165.43,162.76,1345
2023-10-31,163.28,5947523,162.95,163.35,161.66,1344
2023-10-30,162.28,4626063,161.298,162.58,160.74,1343
2023-10-27,159.62,5078025,162.02,162.14,158.89,1340
2023-10-26,161.41,5146996,162.68,163.36,161.3,1339
2023-10-25,162.35,4534609,162.05,163.5,161.47,1338
2023-10-24,162.19,5265171,160.41,162.855,159.68,1337
2023-10-23,160.08,5795756,159.6,161.6,159.06,1336
2023-10-20,160,5486488,161.37,162.23,159.71,1333
2023-10-19,160.56,6336801,161.9,162.722,160.41,1332
2023-10-18,162.03,6650607,161.02,163.4,160.87,1331
2023-10-17,160.37,6411422,160,161.63,159.16,1330
2023-10-16,161.08,5605021,161,161.95,159.8,1329
2023-10-13,160,6758821,158.62,160.24,157.95,1326
2023-10-12,158.08,9024055,162.6,162.65,157.43,1325
2023-10-11,162.62,7371486,165.01,165.44,161.6,1324
2023-10-10,164.4,11456360,164.25,165.18,162.03,1323
2023-10-09,161.36,7244494,160,161.42,158.64,1322
2023-10-06,160.29,12774670,158.78,160.92,155.83,1319
2023-10-05,160.1,10556390,168.77,168.81,159.87,1318
2023-10-04,168.91,4134136,168.45,169.13,167.06,1317
2023-10-03,167.7,4873523,168.86,170,167.03,1316
2023-10-02,169.17,3838871,169.08,169.49,167.32,1315
2023-09-29,169.44,5194292,170.51,170.84,168.04,1312
2023-09-28,169.5,4841646,169.93,170.18,168.18,1311
2023-09-27,169.57,5729854,172.31,172.69,169.03,1310
2023-09-26,172.52,5213692,173,173.72,171.64,1309
2023-09-25,174.33,3553687,174.68,175.44,173.18,1308
2023-09-22,175.27,4542456,174.94,176.39,174.37,1305
2023-09-21,175.38,5351155,178.1,178.33,175.13,1304
2023-09-20,178.38,3696292,179.09,179.419,177.56,1303
2023-09-19,178.32,3369556,178.86,179.13,177.3,1302
2023-09-18,179.38,3182752,181,181,178.43,1301
2023-09-15,179.84,11661180,181.41,181.82,179.61,1298
2023-09-14,181.23,4118298,179.94,181.69,179.33,1297
2023-09-13,179.68,3781554,178.33,180.14,178.21,1296
2023-09-12,178.27,3331234,178.74,178.92,177.8,1295
2023-09-11,178.93,4512875,176.83,179.43,176.83,1294
2023-09-08,176.27,2995127,175.81,177.15,175.61,1291
2023-09-07,176.4,4934402,175.85,177.055,175.21,1290
2023-09-06,174.73,5933800,174.92,174.99,173.48,1289
2023-09-05,174.16,5081845,175.265,175.88,173.65,1288
2023-09-01,175.32,4801361,178.73,178.81,174.64,1284
2023-08-31,177.92,5566735,179.34,179.63,177.86,1283
2023-08-30,181.08,3153432,181.46,182.26,180.72,1282
2023-08-29,180.93,4368626,180.3,181.22,179.02,1281
2023-08-28,180.25,3189757,180.82,181.18,179.34,1280
2023-08-25,179.42,4710679,178.06,179.71,177.84,1277
2023-08-24,177.18,5710041,178.01,180.4399,177.1,1276
2023-08-23,178.12,4042732,177.25,178.28,176.37,1275
2023-08-22,175.7,3491524,176.18,176.82,175.31,1274
2023-08-21,177.05,4284317,177.73,177.96,176.23,1273
2023-08-18,178.18,6020451,178.46,179.55,177.27,1270
2023-08-17,178.45,4503030,181.21,181.41,178.32,1269
2023-08-16,181.21,2633918,181.6,182.95,180.95,1268
2023-08-15,181.35,3331931,183.15,183.46,181.13,1267
2023-08-14,183.62,3385717,184.39,184.86,183.13,1266
2023-08-11,184.04,2873848,184,184.28,183.28,1263
2023-08-10,183.75,3727433,184.22,185.59,183.53,1262
2023-08-09,183.98,4413095,183.88,185,182.63,1261
2023-08-08,184.44,5018032,187.2,187.48,184.03,1260
2023-08-07,186.89,3323542,185.28,187.21,185.1,1259
2023-08-04,184.6,4651062,187.12,188.01,184.35,1256
2023-08-03,187.12,2857659,188.17,189.22,186.97,1255
2023-08-02,188.31,4286293,186.59,189.97,186.4,1254
2023-08-01,186.82,2854164,187.49,188.6,186.4,1253
2023-07-31,187.46,5688218,189.45,189.59,186.85,1252
2023-07-28,190.31,5602369,190.14,191.37,189.79,1249
2023-07-27,188.53,4141834,192,192.2925,188.4,1248
2023-07-26,191.6,3898895,191.12,192.38,190.06,1247
2023-07-25,191.36,3521616,190.41,192.01,190.06,1246
2023-07-24,190.92,4226701,190.59,191.43,190.14,1245
2023-07-21,190.16,15022090,190.105,191.47,189.3,1242
2023-07-20,189.3,5056531,187.5,189.99,186.81,1241
2023-07-19,186.26,4140799,185,186.6,184.42,1240
2023-07-18,184.45,5684103,185.44,186.82,183.82,1239
2023-07-17,185.63,5637931,186.34,187.005,185.42,1238
2023-07-14,188.21,4467604,187.86,188.625,187.09,1235
2023-07-13,187.53,8223095,185.8,188.06,183.26,1234
2023-07-12,183.17,6080078,183.98,184.61,182.98,1233
2023-07-11,183.98,3915229,184.38,184.726,182.42,1232
2023-07-10,184.3,5508816,184.07,185.91,183.78,1231
2023-07-07,183.08,6310132,185.82,185.88,183.03,1228
2023-07-06,186.6,5592489,185.81,186.75,184.89,1227
2023-07-05,186.58,5277266,185,186.69,184.97,1226
2023-07-03,185.6,2387512,184.3,185.64,183.47,1224
2023-06-30,185.22,7635186,184.04,185.52,183.88,1221
2023-06-29,183.88,5770445,183.25,183.89,181.39,1220
2023-06-28,183.7,5194077,186.25,186.74,183.38,1219
2023-06-27,186.22,5763039,184.67,186.61,183.96,1218
2023-06-26,184.89,3706278,186.16,186.43,184.12,1217
2023-06-23,186.07,7592675,188,188,185.95,1214
2023-06-22,187.35,3186126,186.73,187.58,185.87,1213
2023-06-21,185.43,3832395,185.72,186.88,184.19,1212
2023-06-20,185.31,4155059,186.54,187.87,185.24,1211
2023-06-16,186.04,8925706,186.14,187.585,185.7,1207
2023-06-15,185.71,4326317,184.26,186.17,183.52,1206
2023-06-14,183.17,3559268,182,183.65,181.44,1205
2023-06-13,181.54,2838752,182.13,182.19,181.08,1204
2023-06-12,181.9,4207398,182.49,182.73,180.69,1203
2023-06-09,182.35,3200319,181.71,182.83,181,1200
2023-06-08,182.1,4036711,179.7,182.3,179.33,1199
2023-06-07,180.11,5162657,180.71,181.74,179.7,1198
2023-06-06,181.56,3975572,184.98,185.12,180.43,1197
2023-06-05,184.19,4311675,183.85,186.17,183.61,1196
2023-06-02,184.06,4288433,182.02,184.29,181.7,1193
2023-06-01,182.19,5277433,182.42,182.69,180.8,1192
2023-05-31,182.35,20414800,182.86,184.62,181.46,1191
2023-05-30,181.61,4331831,182.055,183.09,180.7,1190
2023-05-26,183.58,4449346,183.71,184.25,182.4,1186
2023-05-25,183.8,4712884,182.7,184.22,181.95,1185
2023-05-24,184.89,3721022,186.27,186.74,184.37,1184
2023-05-23,186.07,6382250,186.49,186.63,184.59,1183
2023-05-22,186.64,5786972,191.19,191.39,186.41,1182
2023-05-19,191.84,3883181,192.46,192.86,191.1,1179
2023-05-18,191.56,3709407,191.32,191.71,190.41,1178
2023-05-17,192.06,4878900,193.31,193.585,190.84,1177
2023-05-16,193.43,5803757,194.48,194.48,192.54,1176
2023-05-15,194.27,2946589,196.57,196.88,194,1175
2023-05-12,196.12,2740969,195.34,196.22,194.95,1172
2023-05-11,195.34,3690431,194.28,195.52,193,1171
2023-05-10,194.27,4352899,194.11,195.58,192.67,1170
2023-05-09,194.14,3087644,193.86,194.67,192.71,1169
2023-05-08,193.35,2249855,193.4,194,192.65,1168
2023-05-05,194.27,4146515,192.82,194.48,192.39,1165
2023-05-04,193.38,4267611,193.08,193.95,192.16,1164
2023-05-03,192.18,3389644,192.58,193.25,191.78,1163
2023-05-02,192.25,3712247,191.36,192.5,189.75,1162
2023-05-01,191.68,3137839,190.45,192.325,190.28,1161
2023-04-28,190.89,4608944,189.9,191.62,189.64,1158
2023-04-27,189.69,4574524,188.18,189.95,187.51,1157
2023-04-26,188.54,4481737,188.48,189.42,187.87,1156
2023-04-25,189.71,6231626,186.56,190.18,186.24,1155
2023-04-24,185.5,3540199,186.5,186.57,185.02,1154
2023-04-21,185.41,3781932,185.99,186.38,185.13,1151
2023-04-20,185.33,3868174,184.84,186.035,184.2,1150
2023-04-19,184.72,2209904,185.24,185.32,184.26,1149
2023-04-18,184.83,2438554,184.77,185.2199,183.74,1148
2023-04-17,184.45,3224527,184.19,184.75,183.48,1147
2023-04-14,183.51,2573142,183.335,184.02,182.92,1144
2023-04-13,184.38,4303630,182.62,184.61,182.11,1143
2023-04-12,182.56,3620885,182.69,183.78,182.25,1142
2023-04-11,182.92,3586784,183.42,183.88,182.76,1141
2023-04-10,183.2,2408256,183.83,183.895,181.69,1140
2023-04-06,184.36,3389758,183.302,184.74,183.1,1136
2023-04-05,183.64,3826373,183.25,184.96,183.06,1135
2023-04-04,181.85,3306483,182.18,183.36,181.1,1134
2023-04-03,182.5,3902505,181.9,182.76,180.4,1133
2023-03-31,182.3,4480030,182.16,182.49,181.32,1130
2023-03-30,180.83,2742969,181,181.33,180.08,1129
2023-03-29,180.67,4495971,180.65,180.91,179.99,1128
2023-03-28,179.43,2850005,179.33,180.46,179.33,1127
2023-03-27,179.49,4078583,179.575,180.65,179.31,1126
2023-03-24,179.09,3713938,176.53,179.34,176.39,1123
2023-03-23,175.65,4655692,176.06,177.22,175.02,1122
2023-03-22,176.51,4380780,177.84,179.37,176.42,1121
2023-03-21,178.01,3812191,177.66,178.17,176.28,1120
2023-03-20,177.59,4366983,176.5,177.68,175.51,1119
2023-03-17,175.13,8854570,176.51,176.69,174.23,1116
2023-03-16,176.51,4734372,176.61,177,175.32,1115
2023-03-15,176.63,7099919,173.53,176.66,173.19,1114
2023-03-14,173.53,6480773,172.49,173.81,171.57,1113
2023-03-13,173.71,8265278,172.76,177.23,172.61,1112
2023-03-10,172.03,4129912,172.53,174.24,170.96,1109
2023-03-09,171.8,4042139,173.62,174.36,171.2,1108
2023-03-08,173.11,2920414,172.68,173.36,171.78,1107
2023-03-07,172.64,4095127,173.67,174.255,171.87,1106
2023-03-06,173.5,3611369,172.22,173.66,172.22,1105
2023-03-03,173.15,3627092,173,173.45,171.33,1102
2023-03-02,173.32,4476403,170.51,173.76,169.78,1101
2023-03-01,171.33,5359107,172.32,172.46,169.12,1100
2023-02-28,173.53,4317286,174.88,175.06,173.2,1099
2023-02-27,175.91,3208625,176.97,177.25,175.65,1098
2023-02-24,175.96,2959174,175.46,176.33,174.29,1095
2023-02-23,176.31,3801421,176.66,176.99,174.99,1094
2023-02-22,176.12,5299484,176.72,177.43,175.77,1093
2023-02-21,176.18,5797271,175.58,177.41,174.67,1092
2023-02-17,176.28,3952139,175.155,176.42,174.83,1088
2023-02-16,175.51,4973168,174.74,176.9,174.54,1087
2023-02-15,176.01,4125761,175,176.05,174.59,1086
2023-02-14,175.77,5203003,177.1,177.245,174.79,1085
2023-02-13,177.77,5205130,176.26,178.225,176.04,1084
2023-02-10,176.2,6176023,173.12,176.59,172.65,1081
2023-02-09,172.78,9619391,175.32,176.49,172.04,1080
2023-02-08,171.16,5687332,171,171.33,170.24,1079
2023-02-07,171.56,6044700,170.29,172.03,169.26,1078
2023-02-06,171.82,5640124,169.74,172.38,169.59,1077
2023-02-03,169.12,5308238,170.955,171.29,167.05,1074
2023-02-02,169.97,5653796,169.46,170.56,168.51,1073
2023-02-01,171.56,4147699,170.88,172.32,169.51,1072
2023-01-31,171.02,4665460,170.2,171.07,169.32,1071
2023-01-30,169.48,5191504,169.78,171.455,169.14,1070
2023-01-27,169.62,5451407,169.77,170.23,168.58,1067
2023-01-26,170.22,4558394,171.635,171.67,170.04,1066
2023-01-25,171.93,3852843,170.34,171.98,169.34,1065
2023-01-24,170.69,4125624,169.61,170.87,168.45,1064
2023-01-23,169.12,5440358,170.01,170.755,168.72,1063
2023-01-20,169.88,5779109,168.945,169.89,167.46,1060
2023-01-19,169.63,4720383,171.28,172.17,169.48,1059
2023-01-18,171.62,5032620,175.24,175.7384,171.33,1058
2023-01-17,176.06,5032644,176.15,177.5525,175.49,1057
2023-01-13,175.24,4720397,175.4,175.73,174.17,1053
2023-01-12,175.78,4246606,177.66,178.37,175.32,1052
2023-01-11,178.05,4370110,179.39,179.71,175.68,1051
2023-01-10,177.85,3817303,178.79,179.53,177.09,1050
2023-01-09,179.33,3319247,180.44,182.77,178.81,1049
2023-01-06,181.1,3713163,178.81,181.83,178.8,1046
2023-01-05,177.1,3647074,177.96,178.77,176.86,1045
2023-01-04,178.97,4771321,179.41,180.54,177.55,1044
2023-01-03,179.41,5137404,180.59,180.75,176.57,1043
2022-12-30,180.66,3136222,181.38,181.96,179.29,1039
2022-12-29,181.98,2549240,181.92,182.86,181.89,1038
2022-12-28,181.75,2694335,184.1,184.5442,181.64,1037
2022-12-27,183.07,3045045,183.282,183.61,182.27,1036
2022-12-23,182.26,2197807,180.91,182.55,180.45,1032
2022-12-22,181.09,4305729,181.86,182.05,178.92,1031
2022-12-21,182.5,4237039,181.55,183.68,181.4,1030
2022-12-20,181.23,3249006,181.815,182.25,180.64,1029
2022-12-19,181.34,4447962,180.86,183.47,180.35,1028
2022-12-16,180.34,15708090,180.08,181.19,178.48,1025
2022-12-15,180.25,6128214,181.98,182.712,178.39,1024
2022-12-14,183.36,5392483,184.07,185.88,182.13,1023
2022-12-13,183.87,5634889,186.48,186.84,182.94,1022
2022-12-12,183.97,4691428,184.18,184.18,182.36,1021
2022-12-09,183.1,3116234,184.21,184.21,183.05,1018
2022-12-08,183.78,3800879,181.81,183.98,181.26,1017
2022-12-07,182.18,4241812,181.81,182.45,180.69,1016
2022-12-06,181.63,5835166,183.75,184.29,180.7,1015
2022-12-05,183.12,4083270,183.43,183.94,182.32,1014
2022-12-02,185.69,3547756,184,186.31,183.84,1011
2022-12-01,185.9,4683431,185.48,186.33,184.16,1010
2022-11-30,185.51,7915639,181.9,185.7,180.24,1009
2022-11-29,182.59,4375521,183.3,183.42,181.02,1008
2022-11-28,183.89,6411433,184.4,185.4925,183.51,1007
2022-11-25,184.11,1836993,184.58,185,183.94,1004
2022-11-23,185.08,2511122,185,186.08,184.5,1002
2022-11-22,184.84,4109601,185.81,186.62,184.37,1001
2022-11-21,184.82,4397577,182.27,185.13,182.09,1000
2022-11-18,181.33,4498176,180.21,181.84,180.02,997
2022-11-17,180.03,3921298,177.49,180.16,177.43,996
2022-11-16,178.33,4701109,178.3,179.63,177.72,995
2022-11-15,177.19,5153752,178.04,178.7,175.42,994
2022-11-14,176.73,5633044,178.67,179.18,176.5,993
2022-11-11,178.05,7390702,181.13,181.69,175.44,990
2022-11-10,181.7,6704136,182.65,182.92,178.56,989
2022-11-09,178.55,4723633,179.95,181.07,178.4,988
2022-11-08,180.71,3724937,180.44,182.11,178.8,987
2022-11-07,180.21,3246087,179.52,180.62,178.83,986
2022-11-04,178.78,3922495,177.92,179.79,176.53,983
2022-11-03,177.78,3753759,176.78,178.9034,176.53,982
2022-11-02,178.24,4970857,180.78,183.58,178.17,981
2022-11-01,180.76,4084681,180.94,182.8101,179.89,980
2022-10-31,181.58,4877164,181.18,182.98,180.54,979
2022-10-28,182.23,6715501,179.7,182.93,179.48,976
2022-10-27,178.88,5424089,180.37,180.93,178.57,975
2022-10-26,179.07,5138962,179.26,180.9,178.32,974
2022-10-25,178.27,5220027,178.12,178.87,176.61,973
2022-10-24,177.68,5316608,174.81,177.98,174.67,972
2022-10-21,173.06,5071500,171.2,173.685,170.58,969
2022-10-20,171.46,4313954,174.2,174.36,171.11,968
2022-10-19,173.36,5200248,174.82,175.84,172.33,967
2022-10-18,175.06,4547398,174.82,176.91,173.41,966
2022-10-17,172.73,6401844,172.27,173.59,171.07,965
2022-10-14,170.19,5939034,175.98,176.258,169.99,962
2022-10-13,174.61,8412881,167.1,175.04,166.82,961
2022-10-12,169.39,9795304,168.73,170.6993,166.6,960
2022-10-11,162.59,5222588,162.24,164.27,161.56,959
2022-10-10,161.82,4839239,161.99,163.04,161.19,958
2022-10-07,161.61,4779170,162.3,163.01,160.98,955
2022-10-06,162.8,4623429,165.785,166.02,162.5,954
2022-10-05,166,3538805,166.97,167.09,163.73,953
2022-10-04,167.11,4596786,167.39,168.73,165.55,952
2022-10-03,165.25,5093370,163.52,165.69,163.02,951
2022-09-30,163.26,5971934,167.69,168.24,163.01,948
2022-09-29,166.61,5167730,168.8,169.14,165,947
2022-09-28,168.67,5480944,166.91,169.62,165.24,946
2022-09-27,166.01,5400774,168.24,170,165.24,945
2022-09-26,168.45,5326578,168.33,170.01,167.53,944
2022-09-23,168.52,4565224,168.39,168.75,166.53,941
2022-09-22,168.6,4290658,168.4,169.89,168.05,940
2022-09-21,168.44,5134461,169.88,172.03,168.34,939
2022-09-20,168.92,3872155,167.58,169.15,166.86,938
2022-09-19,168.73,3720886,167.06,168.81,166.5,937
2022-09-16,166.97,12012630,166.36,167.17,165.25,934
2022-09-15,165.88,5460988,168.53,168.56,165.34,933
2022-09-14,168.68,5156886,168.12,169.19,167.57,932
2022-09-13,167.41,6926199,172.5,172.83,166.95,931
2022-09-12,173.9,5953266,173.22,174.44,172.75,930
2022-09-09,173.22,3662160,172.65,174.55,171.67,927
2022-09-08,172.67,3888130,172.78,173.43,170.56,926
2022-09-07,173.25,6074572,170.62,173.775,169.93,925
2022-09-06,169.51,4900124,170.98,172.59,169.13,924
2022-09-02,170.66,5801495,173.72,174.97,169.89,920
2022-09-01,172.85,4846285,170.92,172.98,170.24,919
2022-08-31,172.27,5597882,173.81,174.41,172.2,918
2022-08-30,172.99,4026406,174.34,174.685,172.33,917
2022-08-29,174.49,4184510,174.55,175.29,173.21,916
2022-08-26,175.04,5246614,179.96,179.98,174.67,913
2022-08-25,179.27,3401795,179.03,179.35,177.39,912
2022-08-24,179.26,3340557,178.37,179.5,178.11,911
2022-08-23,178.37,2574995,177.82,178.86,177.29,910
2022-08-22,178.45,3384988,180.135,180.47,178.02,909
2022-08-19,180.17,3703971,179.76,181.01,179.32,906
2022-08-18,180.4,3010644,180.82,180.93,179.94,905
2022-08-17,180.22,2666289,180.1,181.07,179.72,904
2022-08-16,180.32,3395730,179.78,180.7,178.64,903
2022-08-15,179.28,3043178,177.77,179.36,176.8,902
2022-08-12,177.33,3756404,175.93,177.38,175.38,899
2022-08-11,175.04,2743920,176.36,177.12,174.67,898
2022-08-10,175.94,4041101,175.81,176.43,174.72,897
2022-08-09,174.5,3228826,174.79,175.23,173.96,896
2022-08-08,173.85,2846584,175.79,175.97,173.32,895
2022-08-05,174.55,3295615,174.39,174.7,172.4,892
2022-08-04,175.87,3822568,176.42,176.74,174.58,891
2022-08-03,176.83,4401333,175.08,177.06,174.24,890
2022-08-02,175.49,3781152,176.94,177.145,175.22,889
2022-08-01,176.95,4034834,174.55,177.69,174.55,888
2022-07-29,174.96,4215592,173.66,175.48,173.39,885
2022-07-28,174.84,3134222,171.87,175.12,171.19,884
2022-07-27,171.59,4479030,170.49,171.95,169.06,883
2022-07-26,171.83,3732349,170.57,171.99,169.24,882
2022-07-25,169.85,3357159,170.31,170.86,169.04,881
2022-07-22,169.61,3757926,169.14,170.57,168.49,878
2022-07-21,168.51,3088309,167.99,169.41,167.56,877
2022-07-20,168.26,3460726,170.05,170.57,167.46,876
2022-07-19,170.06,4201588,170.25,170.75,168.63,875
2022-07-18,168.26,3479707,171.15,171.24,167.85,874
2022-07-15,171.12,4659092,171.34,172.92,170.02,871
2022-07-14,170.98,4218307,168.29,171.1601,167.7,870
2022-07-13,170.1,4533125,168.54,171.44,167.98,869
2022-07-12,169.5,5201629,173,173.32,168.87,868
2022-07-11,170.47,4929822,171.41,172.8,170.02,867
2022-07-08,171.88,3483014,170.57,172.7,170.55,864
2022-07-07,170.36,5150219,169.52,171.04,169.38,863
2022-07-06,170.7,4209229,170,171.95,169.48,862
2022-07-05,169.01,4971671,168.63,169.39,165.33,861
2022-07-01,169.39,3918710,166.74,169.52,165.76,857
2022-06-30,166.66,6295089,167.13,167.58,165.63,856
2022-06-29,166.73,3653622,166.06,167.56,165.35,855
2022-06-28,164.01,4391330,167.15,168.45,163.85,854
2022-06-27,166.35,4595815,165.87,167.13,165.34,853
2022-06-24,166.13,5951692,165.64,166.19,163.94,850
2022-06-23,164.1,5810719,163.78,165.14,163.15,849
2022-06-22,162.03,4706643,160.33,162.99,159.56,848
2022-06-21,160.71,4449779,158.17,160.96,157.35,847
2022-06-17,157.06,9881835,157.03,158.99,156.17,843
2022-06-16,157.03,7207930,156.63,158.46,155.11,842
2022-06-15,157.79,5940075,157.92,159.84,155.93,841
2022-06-14,156.12,6159174,160,160.05,154.86,840
2022-06-13,159.74,6300708,160.53,162.87,159.06,839
2022-06-10,162.52,5204718,160.97,163.918,159.45,836
2022-06-09,162.78,3522973,165.19,166.93,162.67,835
2022-06-08,165.73,2646900,165.74,166.81,165.11,834
2022-06-07,166.56,4168296,165.68,166.86,164.22,833
2022-06-06,165.54,3447947,166.46,167.62,164.73,832
2022-06-03,164.85,4222131,165.859,166.59,164.36,829
2022-06-02,166.68,4677458,165.62,166.75,162.65,828
2022-06-01,166.49,5613940,168.18,168.38,163.82,827
2022-05-31,167.75,13609990,170.98,170.98,165.37,826
2022-05-27,171.77,6713600,171.26,171.81,170.2,822
2022-05-26,170.11,5193863,168.96,171.09,168.96,821
2022-05-25,168.97,5781034,167.85,169.49,166.96,820
2022-05-24,167.82,6327782,166.02,168.255,165.16,819
2022-05-23,165.6,4657761,164.21,166.95,163.57,818
2022-05-20,162.21,5768823,162.24,163.06,159.62,815
2022-05-19,161.2,6423817,162.5,162.78,159.67,814
2022-05-18,163.65,8875409,173.686,173.87,162.92,813
2022-05-17,174.46,5012159,175.31,175.68,172.58,812
2022-05-16,175.47,5317216,173.71,176.3,173.42,811
2022-05-13,173.72,4714614,170.7,174.16,169.46,808
2022-05-12,170.4,6473535,171.25,171.99,168.16,807
2022-05-11,170.66,5376851,170.82,172.41,169.92,806
2022-05-10,171.49,5936727,173.12,174.54,170.75,805
2022-05-09,171.7,7269081,169.66,172.885,168.76,804
2022-05-06,170.41,5824752,169.24,170.8,168.72,801
2022-05-05,170.39,6534321,173.1,173.32,169.08,800
2022-05-04,173.86,6231681,167.61,174.12,167.61,799
2022-05-03,167.99,5564864,169.14,169.31,166.58,798
2022-05-02,167.76,7692131,172.995,173.46,165.27,797
2022-04-29,171.71,6505570,177.41,177.41,171.41,794
2022-04-28,177.5,5235831,174.53,177.62,173.82,793
2022-04-27,174.85,5180479,173.42,176.69,173.19,792
2022-04-26,173.3,7386563,173.97,175.3486,172.73,791
2022-04-25,173.74,7369911,173.21,173.92,171,790
2022-04-22,172.15,5864027,174.99,175.27,171.94,787
2022-04-21,174.84,3701297,175.76,177.24,174.65,786
2022-04-20,175.47,4197764,173.72,175.97,173.72,785
2022-04-19,172.9,3641992,169.84,173.165,169.84,784
2022-04-18,170.42,3086009,171.22,172.31,169.96,783
2022-04-14,171.9,4834298,173.48,174.26,171.76,779
2022-04-13,173,4394054,173.58,173.82,171.73,778
2022-04-12,173.3,3924333,173.78,174.65,172.63,777
2022-04-11,172.6,3825328,173.61,174.97,172.32,776
2022-04-08,173.13,3883183,172.99,173.69,171.59,773
2022-04-07,172.55,5041686,172.03,173.28,170.78,772
2022-04-06,172.39,4294868,169.92,172.7,169.49,771
2022-04-05,169.5,4480879,168.32,171.38,168.32,770
2022-04-04,169.32,3759985,169.11,169.39,167.45,769
2022-04-01,169.76,3239641,167.89,169.93,167.37,766
2022-03-31,167.38,6076177,168.37,169.3,167.27,765
2022-03-30,167.96,3871556,168.1,168.24,166.12,764
2022-03-29,168.19,4440480,167.29,168.58,166.37,763
2022-03-28,165.73,4308007,165.1,165.77,163.71,762
2022-03-25,165.24,4147791,164.43,165.9,164.43,759
2022-03-24,164.47,3160320,164.06,164.73,163.27,758
2022-03-23,163.48,4533800,164.248,165.275,162.63,757
2022-03-22,164.34,5779187,162.84,164.77,162.23,756
2022-03-21,162.56,5122570,162.27,163.81,161.08,755
2022-03-18,162.79,12123180,161.38,162.93,160.06,752
2022-03-17,160.94,3587628,159.83,161.63,159.3,751
2022-03-16,159.7,6299191,158.41,159.99,157.04,750
2022-03-15,159,6203356,157.32,159.5,156.83,749
2022-03-14,155.89,6075566,155.15,157.8,154.5,748
2022-03-11,153.73,4762675,155.45,156.885,153.48,745
2022-03-10,154.51,6103671,155.79,156.25,153.37,744
2022-03-09,157.4,5764927,159.81,160.06,156.4,743
2022-03-08,157.87,6163724,162.38,163.97,157.69,742
2022-03-07,162.45,6319483,164.07,165.15,162.13,741
2022-03-04,165.75,6341095,162,166.5,160.92,738
2022-03-03,163.27,5352221,163.97,165.19,162.8,737
2022-03-02,164.52,5452091,162.98,165.82,162.49,736
2022-03-01,162.27,5108127,163.07,164.4,161.3,735
2022-02-28,163.74,7676988,164.04,165.21,161.41,734
2022-02-25,168.38,6535637,164.42,168.46,164.26,731
2022-02-24,163.79,8888796,165.71,166.34,160.29,730
2022-02-23,166.69,5813018,169.12,169.12,166.52,729
2022-02-22,168.35,7734132,168.57,168.94,166.23,728
2022-02-18,167.71,5181629,167.11,168.235,166.22,724
2022-02-17,166.75,5156836,166.01,167.9523,165,723
2022-02-16,166.3,4161755,165.63,167.195,164.54,722
2022-02-15,165.96,4943851,167.217,168.25,165.26,721
2022-02-14,166.7,6822570,169.415,169.675,165.1,720
2022-02-11,168.58,7299574,168.06,170.31,167.69,717
2022-02-10,168.37,7899839,168.655,171.45,167.3,716
2022-02-09,171.94,6780166,172.5,172.78,171.01,715
2022-02-08,172.02,3957685,172.63,172.64,170.31,714
2022-02-07,171.81,4813468,172.74,172.99,171.21,713
2022-02-04,172.49,4592442,173.1,174.89,171.19,710
2022-02-03,175.37,4632699,175.27,176.66,173.83,709
2022-02-02,175.47,5766988,172.76,175.64,172.57,708
2022-02-01,172.34,5952749,173.15,173.43,169.56,707
2022-01-31,173.52,5908136,170.77,174.11,170.59,706
2022-01-28,172.67,5796013,168.51,172.73,167.21,703
2022-01-27,169.37,6545927,170.78,173.28,168.78,702
2022-01-26,169.53,6841794,169.36,171.81,166.45,701
2022-01-25,171.34,6536944,172.08,172.48,169.74,700
2022-01-24,173.33,9272361,175.49,176.5,168.96,699
2022-01-21,174.22,6753166,175.327,177.24,174.11,696
2022-01-20,173.94,6284161,175.41,176.88,173.84,695
2022-01-19,175.21,6424470,173.96,175.96,173.57,694
2022-01-18,173.96,5790386,173.62,174.76,173.15,693
2022-01-14,175.64,4474579,174.57,175.94,173.4,689
2022-01-13,174.18,4310283,173.71,174.6861,173.24,688
2022-01-12,173.9,5267988,173.9,174.33,172.95,687
2022-01-11,174.09,6452499,173.684,174.23,171.62,686
2022-01-10,174.17,5056068,174.436,175.84,173.62,685
2022-01-07,174.08,4916044,174.09,174.69,172.61,682
2022-01-06,173.86,4288788,173.91,175.6,173.23,681
2022-01-05,173.82,6564551,173.355,175.36,173.23,680
2022-01-04,173.23,4717843,172.66,174.45,172.2,679
2022-01-03,172.98,5489586,172.2,173.19,170.57,678
2021-12-31,173.71,2914941,172.46,174.015,172.11,675
2021-12-30,172.67,1988984,173.54,173.62,172.23,674
2021-12-29,172.97,2299691,172.79,173.46,171.93,673
2021-12-28,172.36,2333095,171.46,172.79,171.2,672
2021-12-27,171.47,2868961,169.985,171.56,169.77,671
2021-12-23,169.78,3241793,169.978,170.63,169.25,667
2021-12-22,169.97,4362937,168.96,169.99,168.27,666
2021-12-21,168.92,3401433,169.23,169.6025,167.78,665
2021-12-20,169.42,5263606,167.158,169.5,166.75,664
2021-12-17,168.3,10181240,171.11,172.38,168.05,661
2021-12-16,171.82,6909923,171.57,173.56,171.02,660
2021-12-15,171.57,5507820,169.77,171.78,169.46,659
2021-12-14,169.39,4984951,169.35,170.39,168.3,658
2021-12-13,169.81,5411817,168.93,171.255,168.05,657
2021-12-10,168.97,5025801,167.54,169.12,166.9,654
2021-12-09,166.31,3644496,165.92,166.88,164.85,653
2021-12-08,166.52,3891904,166.14,166.69,164.03,652
2021-12-07,166.23,5460142,166.42,166.96,165.66,651
2021-12-06,166.42,5403075,166.05,167.29,165.79,650
2021-12-03,164.71,6465861,161.47,164.88,161.34,647
2021-12-02,160.62,4619832,160.132,161.69,159.83,646
2021-12-01,160.16,5385896,162.47,163.25,160.05,645
2021-11-30,159.78,7610010,163.83,164,158.39,644
2021-11-29,164.14,5305787,162.67,164.58,161.14,643
2021-11-26,161.14,3402882,162.71,163.66,160.89,640
2021-11-24,163.74,3309539,165.088,165.5,162.58,638
2021-11-23,165.25,3878130,163.56,165.72,163.31,637
2021-11-22,164.15,4157558,163.203,166.8,163.18,636
2021-11-19,163.81,5247738,164.5,165.0269,163.44,633
2021-11-18,163.42,3498885,162.81,163.52,161.75,632
2021-11-17,163.37,3332233,162.62,163.671,162.08,631
2021-11-16,163.31,2899366,164.27,164.99,163.23,630
2021-11-15,163.8,3357116,162.51,163.88,162.49,629
2021-11-12,162.65,3540986,163.01,163.93,162.08,626
2021-11-11,162.69,2453158,163.97,163.98,162.55,625
2021-11-10,164.04,2683478,164.74,165,163.03,624
2021-11-09,163.51,3778818,162.31,163.86,162,623
2021-11-08,162.43,5766611,165.81,166.1,161.15,622
2021-11-05,166,3754297,165.55,166.43,164.52,619
2021-11-04,164.31,3310257,164.22,164.56,163.35,618
2021-11-03,164.3,3595043,162.15,164.39,162.15,617
2021-11-02,162.74,3464557,161.55,162.81,160.94,616
2021-11-01,161.26,3017085,161.2,161.5,160.18,615
2021-10-29,161.6,4558172,161.03,162.26,160.91,612
2021-10-28,161.62,3589576,160.85,161.73,160.47,611
2021-10-27,160.61,3751840,161.75,161.84,159.56,610
2021-10-26,161.17,3684748,159.17,161.4,159.1,609
2021-10-25,159.22,3281194,159.95,159.95,158.79,608
2021-10-22,159.97,3240314,159.58,160.47,159.47,605
2021-10-21,159.18,4164717,161.39,161.43,158.98,604
2021-10-20,161.31,3716590,160.58,161.88,159.68,603
2021-10-19,160.1,3125832,158.64,160.16,157.54,602
2021-10-18,158.09,3274249,158.202,158.7,156.8,601
2021-10-15,158.81,4312982,159.66,159.66,157.51,598
2021-10-14,159.26,3677272,158.62,159.49,158.61,597
2021-10-13,157.99,3601013,157.46,158.05,156.02,596
2021-10-12,156.93,3195707,156.22,157.85,156.21,595
2021-10-11,156.24,2738194,156.39,157.23,155.66,594
2021-10-08,156.03,4186222,156.57,156.71,155.49,591
2021-10-07,156.39,4605134,155.52,157.75,155.52,590
2021-10-06,154.96,5499234,150.84,155.16,149.96,589
2021-10-05,151.09,6103136,151.358,152.39,150.07,588
2021-10-04,150.2,5404863,150.88,153,149.48,587
2021-10-01,150.95,4274300,151.35,151.61,149.52,584
2021-09-30,150.41,4950798,153.22,153.43,150.37,583
2021-09-29,152.3,3326568,151.34,153.17,150.69,582
2021-09-28,151.05,5911130,152.37,152.5,150.1,581
2021-09-27,152.72,4482063,153.8,154.15,152.39,580
2021-09-24,154.2,2366160,153.75,154.62,153.55,577
2021-09-23,154.13,2712534,153.69,154.93,153.54,576
2021-09-22,154.01,3001270,154.62,155.09,153.45,575
2021-09-21,153.54,4479924,154.61,156.12,152.97,574
2021-09-20,153.61,5484616,153.9,154.95,152.42,573
2021-09-17,154.13,8127397,155.23,155.5,153.83,570
2021-09-16,155.56,4589993,155.39,156.12,153.81,569
2021-09-15,156.02,3702573,155.22,156.38,154.78,568
2021-09-14,155.15,2808919,156.38,156.67,154.82,567
2021-09-13,155.76,3367464,155.94,157.4,155.39,566
2021-09-10,155.46,3851531,155.98,156.25,155.01,563
2021-09-09,155.73,3560737,156.88,156.97,155.4,562
2021-09-08,156.72,3199076,154.66,156.75,154.3,561
2021-09-07,154.53,4610142,156.48,156.76,153.68,560
2021-09-03,157.09,2035082,156.2,157.42,155.9,556
2021-09-02,156.95,2862535,156.79,157.29,155.87,555
2021-09-01,157.91,4231369,156.84,158.19,156.51,554
2021-08-31,156.39,5291405,156.09,156.47,155.34,553
2021-08-30,156,2540619,155.18,156.17,155.01,552
2021-08-27,154.94,4166498,154.84,155.41,154.21,549
2021-08-26,154.63,3220727,155.51,155.67,154.09,548
2021-08-25,155.2,3346864,155.36,155.67,154.16,547
2021-08-24,155.89,3760779,157.75,157.75,155.68,546
2021-08-23,157.85,3102117,157.83,158.52,157.32,545
2021-08-20,158.35,3484313,158.93,159.63,158.25,542
2021-08-19,158.91,4745624,155.82,159.42,155.78,541
2021-08-18,156.28,3419286,157.68,158.2,156.2,540
2021-08-17,157.9,3736382,157.909,158.45,157.24,539
2021-08-16,158.05,3224020,156.93,158.12,156.73,538
2021-08-13,156.52,2113883,155.1,156.67,154.9,535
2021-08-12,155.07,1958683,155.23,155.3,154.6,534
2021-08-11,155.04,3058025,154.71,156.02,154.47,533
2021-08-10,154.43,2670440,154.31,155.31,153.81,532
2021-08-09,154.35,2636653,154.64,154.79,153.71,531
2021-08-06,154.33,3430902,153.77,154.76,153.64,528
2021-08-05,154.31,3733574,154.98,155.19,153.87,527
2021-08-04,154.05,4846333,156.19,156.66,153.87,526
2021-08-03,156.67,3359870,157,157.15,156.31,525
2021-08-02,156.32,3426099,157,157.11,155.51,524
2021-07-30,156.95,3757332,157.37,157.6,156.62,521
2021-07-29,156.81,3055728,157.23,157.43,156.2,520
2021-07-28,156.49,3556918,157.6,157.96,155.91,519
2021-07-27,157.94,4043897,157.31,158.66,157.03,518
2021-07-26,157.07,2999895,156.79,157.47,156.03,517
2021-07-23,157.18,3588671,155.56,157.79,155.24,514
2021-07-22,155.19,3333589,155.19,155.76,153.97,513
2021-07-21,155.24,4906123,155.3,156.12,154.58,512
2021-07-20,155.82,5213868,156.2,157.33,155.56,511
2021-07-19,155.8,5750370,155.99,157.54,154.76,510
2021-07-16,155.82,5852919,155.68,156.835,155.11,507
2021-07-15,155.25,4920713,154.07,155.36,153.26,506
2021-07-14,154.54,6390323,152.89,155.14,152.8,505
2021-07-13,152.96,8750828,151.15,153.9116,150.75,504
2021-07-12,149.51,4873671,149.49,149.795,148.78,503
2021-07-09,149.48,4088587,149.41,150.31,149.17,500
2021-07-08,149.86,4215959,149.42,150.67,149.19,499
2021-07-07,149.79,4224975,149.29,150.695,149,498
2021-07-06,149.13,4313848,149.07,149.415,147.77,497
2021-07-02,148.91,3835526,148.9,149.78,148.56,493
2021-07-01,148.2,3997616,148.08,149.08,147.94,492
2021-06-30,148.17,4943688,147.43,148.31,147.2,491
2021-06-29,146.94,3197991,147.445,147.7,146.4,490
2021-06-28,147.04,4282905,146.76,147.5901,146.62,489
2021-06-25,146.41,6387907,145.76,146.79,145.24,486
2021-06-24,145.67,3818927,144.86,145.94,144.61,485
2021-06-23,144.85,3901698,146.06,146.125,144.83,484
2021-06-22,146.78,3517987,146.73,147.5032,146.29,483
2021-06-21,146.56,4904511,145.753,146.74,145.45,482
2021-06-18,145.42,10661670,147.98,147.98,145.23,479
2021-06-17,148.52,5316467,147.25,149,146.91,478
2021-06-16,147.1,5492088,148.86,149.27,146.75,477
2021-06-15,148.58,4256583,148.9,149.17,148.08,476
2021-06-14,148.57,3831939,147.47,148.63,146.79,475
2021-06-11,147.69,4364644,148.05,148.12,146.79,472
2021-06-10,147.6,4698243,146.31,148.015,146.13,471
2021-06-09,146.1,4007976,147.25,147.59,146.02,470
2021-06-08,146.37,5997199,147.7,147.87,145.92,469
2021-06-07,147.75,4724137,147.76,148.2499,146.71,468
2021-06-04,147.84,4427418,148,148.59,147.47,465
2021-06-03,147.67,4651603,146.71,147.76,146.16,464
2021-06-02,148.22,4546892,148.2,148.53,147.23,463
2021-06-01,147.63,5530380,148.78,148.85,147.09,462
2021-05-28,147.94,4913671,147.41,148.5,147.24,458
2021-05-27,146.51,9203638,148.56,148.77,146.44,457
2021-05-26,148.3,4462626,147.91,148.67,147.68,456
2021-05-25,148.3,4649319,147.85,148.37,147.01,455
2021-05-24,147.85,3627758,147.64,148.35,147.01,454
2021-05-21,147.1,5194240,147.873,148.31,146.52,451
2021-05-20,147.23,3964589,145.25,147.7299,145.11,450
2021-05-19,145.43,4432736,144.64,145.63,144.08,449
2021-05-18,145.51,4527258,146.64,146.95,145.32,448
2021-05-17,146.17,3747055,147,147.4,145.71,447
2021-05-14,146.59,4224694,147.2,147.9,146.42,444
2021-05-13,146.37,4849478,144.24,147.12,143.58,443
2021-05-12,144.23,5652038,144.877,145.74,143.85,442
2021-05-11,145.65,5266131,147.17,147.6399,145.02,441
2021-05-10,146.72,5270594,146.49,147.99,146.11,440
2021-05-07,145.56,4181026,145.23,146,144.57,437
2021-05-06,145.56,4472242,144.47,145.96,144.01,436
2021-05-05,143.89,5305240,143.715,144.57,143.5,435
2021-05-04,143.96,6603849,145.98,146.77,143.49,434
2021-05-03,145.79,6109788,145.028,146.78,144.1,433
2021-04-30,144.16,5051395,143.32,144.24,142.5,430
2021-04-29,143.94,4699889,142.1,144.43,141.97,429
2021-04-28,141.83,4962725,143.49,143.69,141.73,428
2021-04-27,142.89,4693738,142.62,143.18,142.13,427
2021-04-26,143.36,5817715,145.55,145.77,142.98,426
2021-04-23,145.83,4354823,145.51,146.34,145.06,423
2021-04-22,146.07,4904476,146.24,146.6509,145.38,422
2021-04-21,146.98,6316148,147.345,147.8,146.21,421
2021-04-20,145.71,4999846,144.13,146.65,143.93,420
2021-04-19,144.75,6621282,144.49,145.6,143.26,419
2021-04-16,144.16,6481399,143.46,144.32,142.46,416
2021-04-15,142.31,4777098,141.67,143.1,141.42,415
2021-04-14,142.11,4685255,142.57,142.72,141.24,414
2021-04-13,143.05,5283265,142.07,143.97,141.87,413
2021-04-12,143.02,4386781,142.2,143.47,142.05,412
2021-04-09,142.57,4950949,142.235,143.14,141.61,409
2021-04-08,142.54,6725340,143.68,144.16,142.05,408
2021-04-07,143.41,4849222,144,144.1,143.02,407
2021-04-06,143.67,4751927,143.04,144.2,142.56,406
2021-04-05,143.16,5980728,141.85,144.34,141.32,405
2021-04-01,141.28,4823383,141.19,142.3,140.11,401
2021-03-31,141.45,6257943,143.32,143.33,141.17,400
2021-03-30,142.54,4372866,143.68,144.75,142.12,399
2021-03-29,144.81,6105770,142.87,144.96,142.42,398
2021-03-26,142.7,6785599,139.62,143,139.13,395
2021-03-25,139.63,5827777,139.18,140.25,138.34,394
2021-03-24,138.81,5082339,139.01,140.11,138.78,393
2021-03-23,139.46,6978365,138.45,140.17,138.18,392
2021-03-22,137.8,7813395,135.63,138.2,135.09,391
2021-03-19,134.5,16114410,132.31,135.01,132.18,388
2021-03-18,132.53,6476677,132.36,133.08,131.41,387
2021-03-17,133.62,6199529,134.36,134.56,133.38,386
2021-03-16,134.01,5544740,133.08,134.58,132.75,385
2021-03-15,133.03,5389458,133.56,133.63,131.97,384
2021-03-12,133.04,5275179,133.12,133.79,132.64,381
2021-03-11,133.22,4459150,133.345,134.58,133.1,380
2021-03-10,133.58,7791665,132.523,134.47,130.54,379
2021-03-09,132.25,8930215,132.94,133.91,132,378
2021-03-08,132.13,8634912,133.23,134.18,131.99,377
2021-03-05,133.03,10186540,129.64,133.41,129.19,374
2021-03-04,128.83,9102794,129.25,131.75,128.32,373
2021-03-03,129.14,7505755,129.802,130.53,128.98,372
2021-03-02,131.07,5613974,130.5,132.03,130.38,371
2021-03-01,130.62,5287738,130.61,131.9699,130.34,370
2021-02-26,129.19,8329044,130.57,130.87,128.57,367
2021-02-25,130,5702339,131.35,132.09,129.8,366
2021-02-24,132.09,4944008,131.85,132.29,131.2,365
2021-02-23,132.78,6264268,132.65,134.34,131.3,364
2021-02-22,131.99,5792943,132.04,132.595,130.76,363
2021-02-19,132.51,5414944,135.01,135.12,132.29,360
2021-02-18,135.37,3943138,134.07,135.7,133.91,359
2021-02-17,134.46,3354067,134.06,135.07,133.86,358
2021-02-16,134.38,5180052,134.561,134.81,133.4,357
2021-02-12,133.87,5659348,135.26,135.6,133.45,353
2021-02-11,134.97,7527981,137.85,138.205,134.34,352
2021-02-10,137.7,6966613,141.12,141.12,136.76,351
2021-02-09,139.6,3179260,141.13,141.15,139.49,350
2021-02-08,140.4,4112165,141.19,141.81,139.5,349
2021-02-05,140.96,4437864,140.49,142.12,139.73,346
2021-02-04,139.68,3860314,137.75,139.76,137.75,345
2021-02-03,138.02,3609640,137.75,138.95,137.07,344
2021-02-02,138.38,3581697,137.45,139.525,136.6,343
2021-02-01,136.98,4185689,136.98,137.96,135.9,342
2021-01-29,136.57,6778137,138.114,138.46,136.02,339
2021-01-28,139.19,5513965,138.83,140.79,137.76,338
2021-01-27,138.04,6659804,140.505,142.33,137.55,337
2021-01-26,141.8,4242522,141.31,142.085,139.75,336
2021-01-25,140.18,3829014,138.064,140.33,137.58,335
2021-01-22,138.59,4014925,139.5,139.54,138.23,332
2021-01-21,139.61,5684273,140.29,140.79,138.74,331
2021-01-20,141.33,5019321,141.04,141.78,139.92,330
2021-01-19,142.06,5158614,142.375,142.58,141.44,329
2021-01-15,141.39,4309077,141.45,142.6,140.53,325
2021-01-14,141.76,4724886,141.48,142.44,141.07,324
2021-01-13,142.59,4361696,141.12,143.24,141,323
2021-01-12,141.43,5149996,141.63,141.995,139.45,322
2021-01-11,142.09,3902743,144.03,144.31,141.69,321
2021-01-08,144.18,4312289,142.47,144.4,141.66,318
2021-01-07,142.47,4473376,142.81,143.145,141.15,317
2021-01-06,142.93,4843265,141.67,143.6,141.59,316
2021-01-05,144.7,4126000,144.07,145.18,142.9,315
2021-01-04,144.27,7486940,147.01,147.78,141.94,314
2020-12-31,148.3,2076825,147.48,148.46,146.64,310
2020-12-30,147.31,2224859,147.47,147.9899,147.01,309
2020-12-29,147.42,3186688,147.68,148.77,146.84,308
2020-12-28,146.91,2493497,145.776,147.6,145.54,307
2020-12-24,145.06,883285,144.83,145.11,144.14,303
2020-12-23,144.41,2645127,144.49,145.6,144.07,302
2020-12-22,144.02,2653806,144.6,145,143.48,301
2020-12-21,145.4,3946888,145,145.66,143.47,300
2020-12-18,146.93,8980403,146.33,147.1,145.5,297
2020-12-17,145.71,3312453,145.25,146.2,145.18,296
2020-12-16,144.89,4915809,143.98,145.4699,143.9,295
2020-12-15,144.77,3183783,144.56,145.27,143.89,294
2020-12-14,144.23,3952380,145.25,146.47,144.05,293
2020-12-11,144.97,2975473,143.63,145.1,143.41,290
2020-12-10,144.67,3985022,146.04,146.29,144.42,289
2020-12-09,145.69,3841971,145.56,146.1,144.28,288
2020-12-08,145.52,3623756,145.33,146.16,144.29,287
2020-12-07,145.37,4217416,145.68,146.56,144.62,286
2020-12-04,145.85,3592561,143.87,145.98,143.86,283
2020-12-03,144.45,4758137,143.02,144.96,143.02,282
2020-12-02,144.62,4433005,145.88,146.94,143.89,281
2020-12-01,146.07,3999578,145.03,146.63,144.5,280
2020-11-30,144.23,4906898,144.46,144.63,142.88,279
2020-11-27,144.6,1595978,144.62,145.28,144.18,276
2020-11-25,144.16,2278398,144.45,144.9224,143.7,274
2020-11-24,144.03,4473522,143.19,144.36,142.82,273
2020-11-23,143.02,3443855,143.31,143.65,141.88,272
2020-11-20,143.42,3469179,143.65,144.6366,143,269
2020-11-19,143.32,4263568,142.88,143.7,142.34,268
2020-11-18,143.38,4335257,145.49,146.565,143.3,267
2020-11-17,145.24,2924071,144.27,146.1,144.11,266
2020-11-16,145.76,3398971,145,146.26,144.69,265
2020-11-13,144.71,2580479,143.77,144.89,143.27,262
2020-11-12,143.84,2570479,144.25,144.74,142.76,261
2020-11-11,143.9,4389762,142.856,144.24,141.61,260
2020-11-10,141.72,5284513,136.99,142.44,136.19,259
2020-11-09,138.45,6111302,142,143.6499,138.17,258
2020-11-06,138.38,2867077,138.56,139.77,137.33,255
2020-11-05,138.05,3667806,139.355,140.27,137.47,254
2020-11-04,137.86,4576320,139,141.7,137.66,253
2020-11-03,137.04,3293928,136.62,138.6,136.28,252
2020-11-02,135.15,3126408,135.61,136.23,133.78,251
2020-10-30,133.29,4303971,132.93,133.84,131.71,248
2020-10-29,133.99,3856469,133.755,135.63,132.26,247
2020-10-28,134.17,5196038,137.151,137.71,133.94,246
2020-10-27,139.12,3390825,138.571,139.89,138.3,245
2020-10-26,138.06,3431215,138.74,139.08,136.41,244
2020-10-23,139.56,2758507,140.22,140.53,139.04,241
2020-10-22,139.61,2909227,139.8,140.2,139.01,240
2020-10-21,139.6,2560061,139.683,140.48,139.1,239
2020-10-20,139.71,2751622,141,141.215,139.41,238
2020-10-19,139.68,3223384,141.34,142.53,139.25,237
2020-10-16,141.73,5076139,141.75,142.82,141.13,234
2020-10-15,141.43,3307718,141.16,141.97,140.62,233
2020-10-14,142.52,3641327,143.55,144.11,141.63,232
2020-10-13,143.54,4293198,142.22,144,141.91,231
2020-10-12,142.13,6167150,141.12,143.49,139.78,230
2020-10-09,138.44,3194022,138.7,139.26,137.9,227
2020-10-08,137.85,2977598,137.28,138.13,136.76,226
2020-10-07,137.01,4347287,135.94,137.52,135.76,225
2020-10-06,135.7,5031019,138,138.82,135.15,224
2020-10-05,137.93,4519821,138.11,138.38,136.98,223
2020-10-02,138.06,5130582,139.28,139.91,136.2,220
2020-10-01,140.8,6483894,139.44,140.85,137.49,219
2020-09-30,138.6,7060713,137.99,139.19,136.9,218
2020-09-29,137.16,4333805,138.66,139.54,137.13,217
2020-09-28,137.97,7487509,136.04,138.58,135.67,216
2020-09-25,133.55,4575979,130.89,133.83,130.52,213
2020-09-24,131.58,4316594,131.437,132.31,129.92,212
2020-09-23,131,5909940,132.7,132.82,129.85,211
2020-09-22,132.15,3950959,131,132.89,130.45,210
2020-09-21,131.24,4402723,130.37,131.31,129.36,209
2020-09-18,131.47,8472958,133.71,134.79,130.01,206
2020-09-17,133.2,5186417,133.39,134.55,131.69,205
2020-09-16,134.98,3353726,136.28,136.6,134.78,204
2020-09-15,135.62,4080783,136.48,137.24,135.41,203
2020-09-14,136.67,2779316,136.528,137.5,135.8,202
2020-09-11,135.81,3411914,135.22,136.38,134.23,199
2020-09-10,134.76,6050544,136.6,137.55,133.88,198
2020-09-09,137.11,4282289,135.5,138.46,135.4,197
2020-09-08,135.55,4901536,138.31,138.6295,134.41,196
2020-09-04,138.76,4836833,139.66,140.31,136.94,192
2020-09-03,139.37,6642417,142.7663,144.035,138.12,191
2020-09-02,143.29,4918523,139.52,143.82,139.35,190
2020-09-01,139.19,3422807,140.25,140.48,138.51,189
2020-08-31,140.06,3828697,139.32,141.02,139,188
2020-08-28,139.94,3355482,138.52,139.96,137.24,185
2020-08-27,138.4,4159270,138.71,139.9284,137.91,184
2020-08-26,138.47,6019737,136.575,138.66,136.38,183
2020-08-25,137.3,2597448,138.26,138.38,136.7,182
2020-08-24,137.64,3177925,136.46,137.68,136.11,181
2020-08-21,136.46,4295630,136.37,136.66,135.25,178
2020-08-20,136.72,2263090,135.66,137.15,135.63,177
2020-08-19,136.45,3682226,138.69,138.795,136.1,176
2020-08-18,138.11,2638555,138.61,138.61,137.04,175
2020-08-17,137.92,2862635,137.5,138.89,137.05,174
2020-08-14,137.56,2461687,138.11,138.172,137.2,171
2020-08-13,138.1,2393520,137.1,138.61,137.1,170
2020-08-12,137.8,4425182,135.34,138.68,135.25,169
2020-08-11,135.12,3301552,136.97,137.45,134.62,168
2020-08-10,135.98,3052091,136.32,136.88,135.38,167
2020-08-07,136.74,3692151,135.94,136.76,135.37,164
2020-08-06,135.86,2693058,135.2735,136.29,135.27,163
2020-08-05,136.25,2924634,138.15,138.15,135.77,162
2020-08-04,137.47,2553613,137.52,137.59,136.02,161
2020-08-03,136.7,2819273,137.11,137.5,136,160
2020-07-31,137.66,4304080,137.26,137.7,135.2,157
2020-07-30,137.69,2817632,137.24,138.22,136.48,156
2020-07-29,137.93,3179281,137.38,139,137.04,155
2020-07-28,137.38,3787724,137.98,138.59,137.09,154
2020-07-27,137.67,3607669,135.53,137.76,134.85,153
2020-07-24,136.06,3300145,136.99,138.64,135.39,150
2020-07-23,137.08,5011384,136.59,137.25,135.49,149
2020-07-22,136.01,3522313,135.56,136.25,133.68,148
2020-07-21,134.43,5435487,134.005,136.41,133.79,147
2020-07-20,133.11,3620256,134.6136,134.6136,132.18,146
2020-07-17,134.66,3229486,134.65,135.06,133.55,143
2020-07-16,133.88,3788127,134.056,134.36,133.05,142
2020-07-15,133.69,5561264,135.35,136.19,133.25,141
2020-07-14,135.52,6766836,134.59,136.9515,134.25,140
2020-07-13,134.91,8960022,136.77,138.07,134.47,139
2020-07-10,134.46,5932824,132.37,134.89,131.28,136
2020-07-09,132.71,4005220,132.9,133.94,131.73,135
2020-07-08,134.22,3798259,134.16,134.69,133.16,134
2020-07-07,133.57,4424469,132.27,134.62,132.17,133
2020-07-06,133.3,4221605,133.08,133.95,132.31,132
2020-07-02,132.85,2769248,133.54,134.17,132.54,128
2020-07-01,132.36,3633043,132.53,133.62,131.94,127
2020-06-30,132.26,4626817,131.83,132.82,130.86,126
2020-06-29,131.08,4173863,130.18,131.4,129.43,125
2020-06-26,128.93,7372682,131.68,132.37,128.06,122
2020-06-25,131.41,4442112,129.14,131.73,128.05,121
2020-06-24,129.56,4853490,130.52,131.07,128.68,120
2020-06-23,131.36,3625580,131.62,132.68,130.98,119
2020-06-22,131.05,3379894,130.55,131.76,129.95,118
2020-06-19,131.28,8296892,134.41,134.82,131.22,115
2020-06-18,132.78,3417168,131.42,133.13,130.63,114
2020-06-17,131.76,3309878,131.89,133.04,131.49,113
2020-06-16,131.67,5198806,132.68,133.06,130.12,112
2020-06-15,130.48,5482111,128.29,130.96,126.53,111
2020-06-12,129,7039513,129.15,129.93,127.43,108
2020-06-11,127.84,8540975,134.22,135.14,127.46,107
2020-06-10,134.13,7069852,133.28,135.16,133.17,106
2020-06-09,132.97,6447278,131.83,133.15,131.05,105
2020-06-08,132.21,5613020,131.38,132.465,131.24,104
2020-06-05,132.44,7075650,131,133.52,130.77,101
2020-06-04,130.57,5229737,131.59,133.56,130.18,100
2020-06-03,132.82,5421190,133.24,134.275,132.6,99
2020-06-02,132.63,5327465,133.05,133.81,131.12,98
2020-06-01,132.99,4050410,131.6,133.9461,131.19,97
2020-05-29,131.55,13338800,132.01,132.24,130.32,94
2020-05-28,132.29,4976408,131.21,132.73,130.11,93
2020-05-27,130.81,5686547,129.72,130.84,128.58,92
2020-05-26,129.75,5579269,131.94,132.05,129.4,91
2020-05-22,130.48,3429228,129.61,130.63,129.17,87
2020-05-21,130.21,4886277,130.98,131.44,129.61,86
2020-05-20,131.26,8213135,132.54,132.6841,130.34,85
2020-05-19,131.73,6640343,134.43,134.76,131.4,84
2020-05-18,135.52,8480600,136.85,137.99,135.06,83
2020-05-15,135.95,20338620,133.77,137.66,132.79,80
2020-05-14,133.08,5522343,132.71,133.56,130.15,79
2020-05-13,132.96,5168826,133.18,134.47,131.45,78
2020-05-12,132.94,3914614,134.755,136.38,132.86,77
2020-05-11,134.38,3591078,133.43,136.2,133.17,76
2020-05-08,134.23,4209378,133.07,135.16,132.46,73
2020-05-07,131.55,5529573,131.55,132,130.12,72
2020-05-06,130.78,4192492,131.58,132.23,130.69,71
2020-05-05,131.67,3580084,131.64,133.33,130.77,70
2020-05-04,130.92,5245315,130.17,131.35,129.33,69
2020-05-01,130.14,4488160,131.12,132.225,129.52,66
2020-04-30,132.29,6782989,132.41,133.17,130.42,65
2020-04-29,133.36,6706841,136.77,136.98,132.9,64
2020-04-28,136.32,6674220,136.78,137.68,134.66,63
2020-04-27,134.46,4009205,134.42,135.21,133.89,62
2020-04-24,134.36,4065533,130.87,134.82,130.65,59
2020-04-23,130.26,5527717,132.5,134.14,130.03,58
2020-04-22,132.62,4085122,132.44,133.67,131.22,57
2020-04-21,130.94,4359534,132.14,132.94,130.59,56
2020-04-20,134.55,3995278,136.936,137.38,134.51,55
2020-04-17,137.55,4866512,137.73,138,134.91,52
2020-04-16,135.64,4563973,136.9662,136.9662,133.85,51
2020-04-15,135.03,5773136,137.14,137.56,133.7,50
2020-04-14,138.4,6278696,133.22,138.63,132.35,49
2020-04-13,130.89,3785013,131.69,133.3499,129.43,48
2020-04-09,133.63,5502555,132.09,135.08,131.51,44
2020-04-08,132.61,5241109,129.64,133.295,129.13,43
2020-04-07,130.48,6254249,132.71,135.08,130.29,42
2020-04-06,131.16,8242235,128.66,132.13,125.29,41
2020-04-03,124.59,5552050,123.19,125.37,122.44,38
2020-04-02,123.86,6181755,117.215,125.177,116.48,37
2020-04-01,118.12,6872957,117.27,122.3,115.67,36
2020-03-31,120.1,7093100,124.94,125.695,119.53,35
2020-03-30,125.48,6917153,121.61,125.84,121.51,34
2020-03-27,120.46,9852459,118.57,124.65,117.99,31
2020-03-26,120.26,10377950,112.71,121.8,112.58,30
2020-03-25,112.5,9485483,112.74,116.36,111.04,29
2020-03-24,113.84,11446960,109.93,114.43,109.37,28
2020-03-23,105.18,13926830,106,112.87,102.87,27
2020-03-20,103.93,13093150,118.24,118.45,101.42,24
2020-03-19,117.34,9393486,121.43,122.09,116.06,23
2020-03-18,120.92,15250770,120.84,127.72,113.77,22
2020-03-17,127.72,14242320,116.7,127.86,116.39,21
2020-03-16,113.09,10733310,114.69,123.82,112,20
2020-03-13,127.45,12007670,120.68,127.59,115.07,17
2020-03-12,115.34,12808250,122.1,125,113.59,16
2020-03-11,129.75,7468850,130.58,132.54,127.63,15
2020-03-10,134.14,8258624,132.05,134.57,126.86,14
2020-03-09,130.16,8716252,130.18,133.35,128.18,13
2020-03-06,137.26,6755028,131.56,138.17,131.45,10
2020-03-05,138.1,6579119,138.81,141.42,136.67,9
2020-03-04,142.39,7635948,136.19,142.71,136.01,8
2020-03-03,135.58,8728649,137.19,139.67,134.74,7
2020-03-02,137.58,8504547,132,137.77,131.72,6
2020-02-28,132.03,14169960,133.24,133.75,128.35,3
2020-02-27,136.37,8604968,141.41,143.14,136.31,2
2020-02-26,141.98,6159441,142.435,143.75,141.16,1
2020-02-25,141.1,7586027,142.59,144.38,140.57,0